<?xml version="1.0" encoding="UTF-8"?>
<project-private xmlns="http://www.netbeans.org/ns/project-private/1">
    <editor-bookmarks xmlns="http://www.netbeans.org/ns/editor-bookmarks/2" lastBookmarkId="0"/>
    <open-files xmlns="http://www.netbeans.org/ns/projectui-open-files/2">
        <group>
            <file>file:/D:/MyWork/PHP/rate/protected/controllers/AsUserCountrySiteController.php</file>
            <file>file:/D:/MyWork/PHP/rate/protected/controllers/UsersController.php</file>
            <file>file:/D:/MyWork/PHP/rate/index.php</file>
            <file>file:/D:/MyWork/PHP/rate/protected/views/users/_form.php</file>
            <file>file:/D:/MyWork/PHP/rate/protected/views/users/create.php</file>
            <file>file:/D:/MyWork/PHP/rate/protected/controllers/SitesController.php</file>
            <file>file:/D:/MyWork/PHP/rate/protected/views/asUserCountrySite/index.php</file>
            <file>file:/D:/MyWork/PHP/rate/yiiframework/web/filters/CFilter.php</file>
            <file>file:/D:/MyWork/PHP/rate/protected/models/AsUserCountrySite.php</file>
            <file>file:/D:/MyWork/PHP/rate/protected/views/asUserCountrySite/_form.php</file>
        </group>
    </open-files>
</project-private>
